               epoch,      train/box_loss,      train/obj_loss,      train/cls_loss,   metrics/precision,      metrics/recall,     metrics/mAP_0.5,metrics/mAP_0.5:0.95,        val/box_loss,        val/obj_loss,        val/cls_loss,               x/lr0,               x/lr1,               x/lr2
                   0,             0.12345,            0.025947,            0.069133,           0.0021836,            0.017857,          0.00050079,          5.0079e-05,             0.11184,            0.029437,              0.0703,              0.0012,              0.0012,              0.0892
                   1,             0.11447,            0.023389,            0.064447,           0.0003813,            0.022008,          0.00016861,          3.3765e-05,               0.107,            0.027677,            0.067371,            0.001375,            0.001375,            0.076375
                   0,             0.12345,            0.025947,            0.069133,           0.0021836,            0.017857,          0.00050079,          5.0079e-05,             0.11184,            0.029437,              0.0703,              0.0012,              0.0012,              0.0892
                   1,             0.11447,            0.023389,            0.064447,           0.0003813,            0.022008,          0.00016861,          3.3765e-05,               0.107,            0.027677,            0.067371,            0.001375,            0.001375,            0.076375
                   0,             0.12345,            0.025947,            0.069133,           0.0021836,            0.017857,          0.00050079,          5.0079e-05,             0.11184,            0.029437,              0.0703,              0.0012,              0.0012,              0.0892
                   1,             0.11447,            0.023389,            0.064447,           0.0003813,            0.022008,          0.00016861,          3.3765e-05,               0.107,            0.027677,            0.067371,            0.001375,            0.001375,            0.076375
